<metadata xml:lang="es"><Esri><CreaDate>20191024</CreaDate><CreaTime>12205000</CreaTime><ArcGISFormat>1.0</ArcGISFormat><SyncOnce>FALSE</SyncOnce><DataProperties><itemProps><itemName Sync="TRUE">191024_terrenos_vta_4Tri_2018</itemName><imsContentType Sync="TRUE" export="False">002</imsContentType><itemSize Sync="TRUE">0.028</itemSize><itemLocation><linkage Sync="TRUE">file://\\MDU01-SSPLANE.ad.buenosaires.gob.ar\FS-RADAR\DIAG-TERRITORIAL\07-Consultas externas\191024_Terrenos_vta_4Tri_DataBA\Bases\191024_terrenos_vta_4Tri_2018.shp</linkage><protocol Sync="TRUE">Local Area Network</protocol></itemLocation><nativeExtBox><westBL Sync="TRUE">-617570.011643</westBL><eastBL Sync="TRUE">109538.178918</eastBL><southBL Sync="TRUE">93357.560320</southBL><northBL Sync="TRUE">761063.238438</northBL><exTypeCode Sync="TRUE">1</exTypeCode></nativeExtBox></itemProps><coordRef><type Sync="TRUE">Projected</type><geogcsn Sync="TRUE">GCS_Campo_Inchauspe</geogcsn><csUnits Sync="TRUE">Linear Unit: Meter (1.000000)</csUnits><projcsn Sync="TRUE">Argentina_GKBsAs</projcsn><peXml Sync="TRUE">&lt;ProjectedCoordinateSystem xsi:type='typens:ProjectedCoordinateSystem' xmlns:xsi='http://www.w3.org/2001/XMLSchema-instance' xmlns:xs='http://www.w3.org/2001/XMLSchema' xmlns:typens='http://www.esri.com/schemas/ArcGIS/10.3'&gt;&lt;WKT&gt;PROJCS[&amp;quot;Argentina_GKBsAs&amp;quot;,GEOGCS[&amp;quot;GCS_Campo_Inchauspe&amp;quot;,DATUM[&amp;quot;D_Campo_Inchauspe&amp;quot;,SPHEROID[&amp;quot;International_1924&amp;quot;,6378388.0,297.0]],PRIMEM[&amp;quot;Greenwich&amp;quot;,0.0],UNIT[&amp;quot;Degree&amp;quot;,0.0174532925199433]],PROJECTION[&amp;quot;Transverse_Mercator&amp;quot;],PARAMETER[&amp;quot;False_Easting&amp;quot;,100000.0],PARAMETER[&amp;quot;False_Northing&amp;quot;,100000.0],PARAMETER[&amp;quot;Central_Meridian&amp;quot;,-58.4627],PARAMETER[&amp;quot;Scale_Factor&amp;quot;,0.999998],PARAMETER[&amp;quot;Latitude_Of_Origin&amp;quot;,-34.6297166],UNIT[&amp;quot;Meter&amp;quot;,1.0]]&lt;/WKT&gt;&lt;XOrigin&gt;-5523400&lt;/XOrigin&gt;&lt;YOrigin&gt;-6068900&lt;/YOrigin&gt;&lt;XYScale&gt;450249651.57241428&lt;/XYScale&gt;&lt;ZOrigin&gt;-100000&lt;/ZOrigin&gt;&lt;ZScale&gt;10000&lt;/ZScale&gt;&lt;MOrigin&gt;-100000&lt;/MOrigin&gt;&lt;MScale&gt;10000&lt;/MScale&gt;&lt;XYTolerance&gt;0.001&lt;/XYTolerance&gt;&lt;ZTolerance&gt;0.001&lt;/ZTolerance&gt;&lt;MTolerance&gt;0.001&lt;/MTolerance&gt;&lt;HighPrecision&gt;true&lt;/HighPrecision&gt;&lt;/ProjectedCoordinateSystem&gt;</peXml></coordRef><lineage><Process ToolSource="c:\program files (x86)\arcgis\desktop10.3\ArcToolbox\Toolboxes\Data Management Tools.tbx\CalculateField" Date="20191024" Time="144500" Name="" export="">CalculateField 191024_terrenos_vta_4Tri_2018 PRECIOUSDM "[PRECIOUSD] / [M2TOTAL]" VB #</Process><Process ToolSource="c:\program files (x86)\arcgis\desktop10.3\ArcToolbox\Toolboxes\Data Management Tools.tbx\CalculateField" Date="20191024" Time="144527" Name="" export="">CalculateField 191024_terrenos_vta_4Tri_2018 PRECIOARSM "[PRECIOARS] / [M2TOTAL]" VB #</Process><Process ToolSource="c:\program files (x86)\arcgis\desktop10.3\ArcToolbox\Toolboxes\Data Management Tools.tbx\CalculateField" Date="20191024" Time="144619" Name="" export="">CalculateField 191024_terrenos_vta_4Tri_2018 PRECIOARSM "[PRECIOARS] / [M2TOTAL]" VB #</Process></lineage></DataProperties><SyncDate>20191029</SyncDate><SyncTime>09490300</SyncTime><ModDate>20191029</ModDate><ModTime>11101800</ModTime><scaleRange><minScale>150000000</minScale><maxScale>5000</maxScale></scaleRange><ArcGISProfile>NAP</ArcGISProfile></Esri><dataIdInfo><envirDesc Sync="TRUE"> Version 6.2 (Build 9200) ; Esri ArcGIS 10.3.0.4322</envirDesc><dataLang><languageCode value="spa" Sync="TRUE"/><countryCode value="AR" Sync="TRUE"/></dataLang><idCitation xmlns=""><resTitle Sync="TRUE">191024_terrenos_vta_4Tri_2018</resTitle><presForm xmlns=""><PresFormCd value="005" Sync="TRUE"/></presForm><date><createDate>2019-10-29T00:00:00</createDate><pubDate>2019-10-29T00:00:00</pubDate><reviseDate>2019-10-29T00:00:00</reviseDate></date><citRespParty xmlns=""><rpIndName>Guillermo Raddavero</rpIndName><rpOrgName>Direccion Genreal de Datos, Estdistica y Proyeccion Urbana. Secretaria de Planeamiento Urbano. Ministerio de Desarrollo Urbano y Transporte.Gobierno de la Ciudad de Buenos Aires.</rpOrgName><rpPosName>Director</rpPosName><role><RoleCd value="007"></RoleCd></role><rpCntInfo xmlns=""><cntAddress addressType=""><delPoint>Av. Martin Garcia 346, 4° piso</delPoint><city>CABA</city><postCode>1154</postCode><country>AR</country><eMailAdd>graddavero@buenosaires.gob.ar</eMailAdd></cntAddress><cntPhone><voiceNum tddtty="">50309700 (Int. 4350)</voiceNum></cntPhone></rpCntInfo></citRespParty></idCitation><spatRpType><SpatRepTypCd value="001" Sync="TRUE"/></spatRpType><dataExt><geoEle xmlns=""><GeoBndBox esriExtentType="search"><exTypeCode Sync="TRUE">1</exTypeCode><westBL Sync="TRUE">-66.261304</westBL><eastBL Sync="TRUE">-58.358612</eastBL><northBL Sync="TRUE">-28.470190</northBL><southBL Sync="TRUE">-34.689592</southBL></GeoBndBox></geoEle></dataExt><resConst><LegConsts xmlns=""><accessConsts><RestrictCd value="002"></RestrictCd></accessConsts></LegConsts></resConst><dataChar><CharSetCd value="004"></CharSetCd></dataChar><idAbs>&lt;DIV STYLE="text-align:Left;"&gt;&lt;DIV&gt;&lt;DIV&gt;&lt;P&gt;&lt;SPAN&gt;En el presente shape se encuentran las ofertas de terrenos en venta de la Ciudad Aut&lt;/SPAN&gt;&lt;SPAN&gt;ó&lt;/SPAN&gt;&lt;SPAN&gt;noma de Buenos Aires&lt;/SPAN&gt;&lt;SPAN&gt; correspondientes a&lt;/SPAN&gt;&lt;SPAN&gt;l 4° trimestre del año 2018. Las mismas se encuentran ubicadas por la&lt;/SPAN&gt;&lt;SPAN&gt;titud y longitud&lt;/SPAN&gt;&lt;SPAN&gt;. En la tabla, se puede observar la superficie total que ocupa el terreno en metros cuadrados, la direccion con altura por la cual fue georreferenciado, el valor en dolares del terreno, el valor &lt;/SPAN&gt;&lt;SPAN&gt;en&lt;/SPAN&gt;&lt;SPAN&gt; pesos argentinos del terreno, el valor de metro cuadrado en dolares, el valor del metro cuadrado en pesos, el valor &lt;/SPAN&gt;&lt;SPAN&gt;promedio mensual &lt;/SPAN&gt;&lt;SPAN&gt;del dolar &lt;/SPAN&gt;&lt;SPAN&gt;para la fecha de relevamiento&lt;/SPAN&gt;&lt;SPAN&gt;, el barrio y la comuna donde se encuentra ubicada la oferta. &lt;/SPAN&gt;&lt;/P&gt;&lt;/DIV&gt;&lt;/DIV&gt;&lt;/DIV&gt;</idAbs><tpCat><TopicCatCd value="013"/></tpCat><tpCat><TopicCatCd value="015"/></tpCat><tpCat><TopicCatCd value="017"/></tpCat></dataIdInfo><mdLang><languageCode value="spa" Sync="TRUE"/><countryCode value="AR" Sync="TRUE"/></mdLang><mdChar><CharSetCd value="004" Sync="TRUE"/></mdChar><distInfo><distFormat><formatName Sync="TRUE">Shapefile</formatName></distFormat><distTranOps><transSize Sync="TRUE">0.028</transSize></distTranOps></distInfo><mdHrLv><ScopeCd value="005" Sync="TRUE"/></mdHrLv><mdHrLvName Sync="TRUE">dataset</mdHrLvName><refSysInfo><RefSystem><refSysID><identCode code="0" Sync="TRUE"/></refSysID></RefSystem></refSysInfo><spatRepInfo><VectSpatRep><geometObjs Name="191024_terrenos_vta_4Tri_2018"><geoObjTyp><GeoObjTypCd value="004" Sync="TRUE"/></geoObjTyp><geoObjCnt Sync="TRUE">1061</geoObjCnt></geometObjs><topLvl><TopoLevCd value="001" Sync="TRUE"/></topLvl></VectSpatRep></spatRepInfo><spdoinfo><ptvctinf><esriterm Name="191024_terrenos_vta_4Tri_2018"><efeatyp Sync="TRUE">Simple</efeatyp><efeageom code="1" Sync="TRUE"/><esritopo Sync="TRUE">FALSE</esritopo><efeacnt Sync="TRUE">1061</efeacnt><spindex Sync="TRUE">FALSE</spindex><linrefer Sync="TRUE">FALSE</linrefer></esriterm></ptvctinf></spdoinfo><eainfo><detailed Name="191024_terrenos_vta_4Tri_2018" xmlns=""><enttyp><enttypl Sync="TRUE">191024_terrenos_vta_4Tri_2018</enttypl><enttypt Sync="TRUE">Feature Class</enttypt><enttypc Sync="TRUE">1061</enttypc></enttyp><attr xmlns=""><attrlabl Sync="TRUE">FID</attrlabl><attalias Sync="TRUE">FID</attalias><attrtype Sync="TRUE">OID</attrtype><attwidth Sync="TRUE">4</attwidth><atprecis Sync="TRUE">0</atprecis><attscale Sync="TRUE">0</attscale><attrdef Sync="FALSE">Indica el numero que identifica al punto que representa al terreno en venta.</attrdef><attrdefs Sync="FALSE">Arc Map</attrdefs><attrdomv><udom Sync="TRUE">Sequential unique whole numbers that are automatically generated.</udom></attrdomv></attr><attr xmlns=""><attrlabl Sync="TRUE">Shape</attrlabl><attalias Sync="TRUE">Shape</attalias><attrtype Sync="TRUE">Geometry</attrtype><attwidth Sync="TRUE">0</attwidth><atprecis Sync="TRUE">0</atprecis><attscale Sync="TRUE">0</attscale><attrdef Sync="FALSE">Expresa el formato en el que se encuentra representado el terreno en venta.</attrdef><attrdefs Sync="FALSE">Arc Map</attrdefs><attrdomv><udom Sync="TRUE">Coordinates defining the features.</udom></attrdomv></attr><attr xmlns=""><attrlabl Sync="TRUE">OPERACION</attrlabl><attalias Sync="TRUE">OPERACION</attalias><attrtype Sync="TRUE">String</attrtype><attwidth Sync="TRUE">254</attwidth><atprecis Sync="TRUE">0</atprecis><attscale Sync="TRUE">0</attscale><attrdef>Identifica el tipo de operación establecido en relación al terreno.</attrdef><attrdefs>DDEyPU</attrdefs></attr><attr xmlns=""><attrlabl Sync="TRUE">TIPO</attrlabl><attalias Sync="TRUE">TIPO</attalias><attrtype Sync="TRUE">String</attrtype><attwidth Sync="TRUE">254</attwidth><atprecis Sync="TRUE">0</atprecis><attscale Sync="TRUE">0</attscale><attrdef>Define el tipo de propiedad que se encuentra en venta</attrdef><attrdefs>DDEyPU</attrdefs></attr><attr xmlns=""><attrlabl Sync="TRUE">LATITUD</attrlabl><attalias Sync="TRUE">LATITUD</attalias><attrtype Sync="TRUE">String</attrtype><attwidth Sync="TRUE">254</attwidth><atprecis Sync="TRUE">0</atprecis><attscale Sync="TRUE">0</attscale><attrdef>Coordenada geografica donde se encuentra ubicado el punto que representa el terreno en venta.</attrdef><attrdefs>Arc Map</attrdefs></attr><attr xmlns=""><attrlabl Sync="TRUE">LONGITUD</attrlabl><attalias Sync="TRUE">LONGITUD</attalias><attrtype Sync="TRUE">String</attrtype><attwidth Sync="TRUE">254</attwidth><atprecis Sync="TRUE">0</atprecis><attscale Sync="TRUE">0</attscale><attrdef>Coordenada geografica donde se encuentra ubicado el punto que representa el terreno en venta.</attrdef><attrdefs>Arc Map</attrdefs></attr><attr xmlns=""><attrlabl Sync="TRUE">M2TOTAL</attrlabl><attalias Sync="TRUE">M2TOTAL</attalias><attrtype Sync="TRUE">Double</attrtype><attwidth Sync="TRUE">16</attwidth><atprecis Sync="TRUE">15</atprecis><attscale Sync="TRUE">6</attscale><attrdef>Identifica la superficie en metros cuadrados abarcado por el terreno en venta.</attrdef><attrdefs>Página web solicitada</attrdefs></attr><attr xmlns=""><attrlabl Sync="TRUE">DIRECCION</attrlabl><attalias Sync="TRUE">DIRECCION</attalias><attrtype Sync="TRUE">String</attrtype><attwidth Sync="TRUE">254</attwidth><atprecis Sync="TRUE">0</atprecis><attscale Sync="TRUE">0</attscale><attrdef>Expresa el nombre de la calle y el numero donde se encuentra el terreno en venta.</attrdef><attrdefs>Página web solicitada</attrdefs></attr><attr xmlns=""><attrlabl Sync="TRUE">CAMBIO</attrlabl><attalias Sync="TRUE">CAMBIO</attalias><attrtype Sync="TRUE">String</attrtype><attwidth Sync="TRUE">254</attwidth><atprecis Sync="TRUE">0</atprecis><attscale Sync="TRUE">0</attscale><attrdef>Representa la cotización promedio del dólar estadounidense en el mes que fue relevado el registro</attrdef><attrdefs>Banco Nación de la República Argentina</attrdefs></attr><attr xmlns=""><attrlabl Sync="TRUE">PRECIOTEXT</attrlabl><attalias Sync="TRUE">PRECIOTEXT</attalias><attrtype Sync="TRUE">String</attrtype><attwidth Sync="TRUE">254</attwidth><atprecis Sync="TRUE">0</atprecis><attscale Sync="TRUE">0</attscale><attrdef>Muestra el valor en dolares por el cual se puede realizar la venta del terrreno, en formato texto.</attrdef><attrdefs>Página web solicitada</attrdefs></attr><attr xmlns=""><attrlabl Sync="TRUE">PRECIOUSD</attrlabl><attalias Sync="TRUE">PRECIOUSD</attalias><attrtype Sync="TRUE">Double</attrtype><attwidth Sync="TRUE">16</attwidth><atprecis Sync="TRUE">15</atprecis><attscale Sync="TRUE">6</attscale><attrdef>Muestra el valor en dolares por el cual se puede realizar la venta del terrreno, en formato numerico.</attrdef><attrdefs>Página web solicitada</attrdefs></attr><attr xmlns=""><attrlabl Sync="TRUE">PRECIOARS</attrlabl><attalias Sync="TRUE">PRECIOARS</attalias><attrtype Sync="TRUE">Double</attrtype><attwidth Sync="TRUE">16</attwidth><atprecis Sync="TRUE">15</atprecis><attscale Sync="TRUE">6</attscale><attrdef>Muestra el valor en pesos que posee el terreno para poder realizar la venta del mismo.</attrdef><attrdefs>Página web solicitada </attrdefs></attr><attr xmlns=""><attrlabl Sync="TRUE">PRECIOUSDM</attrlabl><attalias Sync="TRUE">PRECIOUSDM</attalias><attrtype Sync="TRUE">Double</attrtype><attwidth Sync="TRUE">16</attwidth><atprecis Sync="TRUE">15</atprecis><attscale Sync="TRUE">6</attscale><attrdef>Muestra el valor en dolares por metro cuadrado que posee el terreno en venta. </attrdef><attrdefs>Página web solicitada</attrdefs></attr><attr xmlns=""><attrlabl Sync="TRUE">PRECIOARSM</attrlabl><attalias Sync="TRUE">PRECIOARSM</attalias><attrtype Sync="TRUE">Double</attrtype><attwidth Sync="TRUE">16</attwidth><atprecis Sync="TRUE">15</atprecis><attscale Sync="TRUE">6</attscale><attrdef>Muestra el valor en pesos por metro cuadrado que posee el terreno en venta. </attrdef><attrdefs>Página web solicitada</attrdefs></attr><attr xmlns=""><attrlabl Sync="TRUE">BARRIO_1</attrlabl><attalias Sync="TRUE">BARRIO_1</attalias><attrtype Sync="TRUE">String</attrtype><attwidth Sync="TRUE">50</attwidth><atprecis Sync="TRUE">0</atprecis><attscale Sync="TRUE">0</attscale><attrdef>Es el nombre que recibe el barrio donde se localiza el terreno ofertado</attrdef><attrdefs>DDEyPU</attrdefs></attr><attr xmlns=""><attrlabl Sync="TRUE">COMUNA</attrlabl><attalias Sync="TRUE">COMUNA</attalias><attrtype Sync="TRUE">Double</attrtype><attwidth Sync="TRUE">19</attwidth><atprecis Sync="TRUE">0</atprecis><attscale Sync="TRUE">0</attscale><attrdef>Es el numero que designa la Ley 1777/05 a la unidades descentralizadas de gestión política y administrativa.</attrdef><attrdefs>Ley 1.777</attrdefs></attr></detailed></eainfo><mdDateSt Sync="TRUE">20191029</mdDateSt><mdFileID>E8952CD7-BB33-4139-BA32-976599B7A2A0</mdFileID><mdContact xmlns=""><rpIndName>Nahuel Javier Llido</rpIndName><role><RoleCd value="006"></RoleCd></role><rpOrgName>Direccion Genreal de Datos, Estdistica y Proyeccion Urbana. Secretaria de Planeamiento Urbano. Ministerio de Desarrollo Urbano y Transporte.Gobierno de la Ciudad de Buenos Aires.</rpOrgName><rpPosName>Analista</rpPosName><rpCntInfo xmlns=""><cntAddress addressType=""><delPoint>Av. Martin Garcia 346, 4° piso</delPoint><city>CABA</city><postCode>1154</postCode><eMailAdd>nlido@buenosaires.gob.ar</eMailAdd><country>AR</country></cntAddress><cntPhone><voiceNum tddtty="">50309700 (Int. 4350)</voiceNum></cntPhone></rpCntInfo></mdContact><dqInfo><dataLineage><statement>El presente shape se creó a partir de un relevamiento de terrenos en venta en la Ciudad Autónoma de Buenos Aires, y corresponde al 4° Trimestre del año 2018. Los datos de las ofertas relevadas provienen de diversas páginas web. La información disponible en la base de datos corresponden a los metros cuadrados totales del terreno, el precio en dolares, el precio en pesos argentinos, el valor del metro cuadrado en dólares y en pesos, la cotización del dólar al mes de relevamiento, el barrio y la comuna 
La georreferenciación se llevó a cabo mediante a través de los datos de latitud y longitud.</statement></dataLineage></dqInfo></metadata>
